{"cameraMode":{"drawMode":0,"name":"Shaded","section":"Shading Mode"},"sceneLighting":false,"audioPlay":false,"sceneViewState":{"showFog":true,"showMaterialUpdate":false,"showSkybox":false,"showFlares":true,"showImageEffects":true,"showParticleSystems":true},"in2DMode":false,"pivot":{"x":-21.626726150512697,"y":0.8553454875946045,"z":-55.17477798461914},"rotation":{"x":-0.012624150142073632,"y":0.9867526888847351,"z":-0.09538105875253678,"w":-0.13062267005443574},"size":4.352277755737305,"orthographic":false}