{"cameraMode":{"drawMode":0,"name":"Shaded","section":"Shading Mode"},"sceneLighting":false,"audioPlay":false,"sceneViewState":{"showFog":true,"showMaterialUpdate":false,"showSkybox":false,"showFlares":true,"showImageEffects":true,"showParticleSystems":true},"in2DMode":false,"pivot":{"x":-18.88311767578125,"y":0.7921760082244873,"z":-21.047910690307618},"rotation":{"x":-0.0409746877849102,"y":-0.7163320183753967,"z":0.04221262037754059,"w":-0.6952751874923706},"size":2.0676088333129885,"orthographic":false}